"Rank","WSID","Overall","Team","Pos","Bye","Best","Worst","Avg","Std Dev","ADP","vs. ADP"
"1","","Todd Gurley","LAR","RB1","12","1","5","1.5","0.9","1.0","0.0"
"2","","David Johnson","ARI","RB2","9","1","7","2.9","1.3","3.0","+1.0"
"3","","Le'Veon Bell","PIT","RB3","7","1","14","3.0","2.1","2.0","-1.0"
"4","","Ezekiel Elliott","DAL","RB4","8","1","15","4.6","2.3","4.0","0.0"
"5","","Antonio Brown","PIT","WR1","7","2","9","4.9","1.4","5.0","0.0"
"6","","Alvin Kamara","NO","RB5","6","4","20","7.7","3.4","6.0","0.0"
"7","","DeAndre Hopkins","HOU","WR2","10","1","15","8.0","2.9","8.0","+1.0"
"8","","Odell Beckham Jr.","NYG","WR3","9","4","14","8.7","2.4","12.0","+4.0"
"9","","Saquon Barkley","NYG","RB6","9","3","18","10.1","3.6","7.0","-2.0"
"10","","Julio Jones","ATL","WR4","8","4","19","10.6","2.9","13.0","+3.0"
"11","","Melvin Gordon","LAC","RB7","8","4","26","11.7","4.5","11.0","0.0"
"12","","Michael Thomas","NO","WR5","6","7","20","12.4","2.8","16.0","+4.0"
"13","","Kareem Hunt","KC","RB8","12","6","38","13.3","5.0","10.0","-3.0"
"14","","Leonard Fournette","JAC","RB9","9","3","31","13.4","5.1","9.0","-5.0"
"15","","Keenan Allen","LAC","WR6","8","6","21","14.3","2.9","17.0","+2.0"
"16","","Davante Adams","GB","WR7","7","9","27","16.6","3.6","18.0","+2.0"
"17","","A.J. Green","CIN","WR8","9","8","30","17.2","3.5","20.0","+3.0"
"18","","Christian McCaffrey","CAR","RB10","4","6","48","17.7","6.3","15.0","-3.0"
"19","","Dalvin Cook","MIN","RB11","10","8","42","19.8","5.5","14.0","-5.0"
"20","","Devonta Freeman","ATL","RB12","8","13","43","22.9","6.3","19.0","-1.0"
"21","","Mike Evans","TB","WR9","5","15","39","22.9","4.9","22.0","+1.0"
"22","","Rob Gronkowski","NE","TE1","11","15","50","24.2","6.8","21.0","-1.0"
"23","","Jordan Howard","CHI","RB13","5","14","46","25.4","5.6","23.0","0.0"
"24","","T.Y. Hilton","IND","WR10","9","14","66","25.8","7.3","28.0","+4.0"
"25","","Tyreek Hill","KC","WR11","12","16","41","27.0","5.6","26.0","+1.0"
"26","","Travis Kelce","KC","TE2","12","19","49","28.5","5.9","27.0","+1.0"
"27","","Stefon Diggs","MIN","WR12","10","18","53","28.6","8.3","30.0","+3.0"
"28","","Joe Mixon","CIN","RB14","9","17","71","30.5","10.9","24.0","-4.0"
"29","","Adam Thielen","MIN","WR13","10","20","61","30.7","7.8","31.0","+2.0"
"30","","Larry Fitzgerald","ARI","WR14","9","17","49","30.9","6.7","32.0","+2.0"
"31","","Amari Cooper","OAK","WR15","7","14","61","33.4","7.1","34.0","+3.0"
"32","","Doug Baldwin","SEA","WR16","7","19","61","31.6","9.2","36.0","+4.0"
"33","","LeSean McCoy","BUF","RB15","11","17","59","36.2","11.0","25.0","-8.0"
"34","","Zach Ertz","PHI","TE3","9","16","61","38.2","9.0","35.0","+1.0"
"35","","Kenyan Drake","MIA","RB16","11","19","76","38.5","12.9","33.0","-2.0"
"36","","Alex Collins","BAL","RB17","10","25","71","39.8","9.3","37.0","+1.0"
"37","","Demaryius Thomas","DEN","WR17","10","22","73","40.0","8.6","41.0","+4.0"
"38","","Golden Tate","DET","WR18","6","24","69","40.4","8.7","45.0","+7.0"
"39","","Jarvis Landry","CLE","WR19","11","29","67","40.5","9.1","38.0","-1.0"
"40","","JuJu Smith-Schuster","PIT","WR20","7","28","67","44.1","8.7","42.0","+2.0"
"41","","Allen Robinson","CHI","WR21","5","29","78","43.2","10.6","47.0","+6.0"
"42","","Aaron Rodgers","GB","QB1","7","26","291","50.7","51.6","29.0","-13.0"
"43","","Brandin Cooks","LAR","WR22","12","22","86","48.4","12.1","44.0","+1.0"
"44","","Lamar Miller","HOU","RB18","10","25","88","46.3","12.3","46.0","+2.0"
"45","","Josh Gordon","CLE","WR23","11","21","83","50.4","14.3","49.0","+4.0"
"46","","Royce Freeman","DEN","RB19","10","21","86","47.6","14.3","40.0","-6.0"
"47","","Marvin Jones","DET","WR24","6","31","77","51.4","10.4","53.0","+6.0"
"48","","Derrick Henry","TEN","RB20","8","27","84","48.9","12.8","39.0","-9.0"
"49","","Jay Ajayi","PHI","RB21","9","25","88","49.8","13.8","43.0","-6.0"
"50","","Chris Hogan","NE","WR25","11","28","101","55.5","17.4","55.0","+5.0"
"51","","Corey Davis","TEN","WR26","8","29","103","56.6","14.7","59.0","+8.0"
"52","","Michael Crabtree","BAL","WR27","10","38","98","62.4","14.4","64.0","+12.0"
"53","","Greg Olsen","CAR","TE4","4","33","104","63.4","12.3","57.0","+4.0"
"54","","Russell Wilson","SEA","QB2","7","38","90","51.7","10.2","52.0","-2.0"
"55","","Mark Ingram","NO ","RB22","6","38","117","61.1","16.2","51.0","-4.0"
"56","","Emmanuel Sanders","DEN","WR28","10","42","110","64.1","14.9","65.0","+9.0"
"57","","Tom Brady","NE","QB3","11","35","77","53.2","10.0","50.0","-7.0"
"58","","Dion Lewis","TEN","RB23","8","44","116","62.5","14.7","56.0","-2.0"
"59","","Jimmy Graham","GB","TE5","7","26","113","66.8","16.1","54.0","-5.0"
"60","","Cam Newton","CAR","QB4","4","29","96","56.1","13.0","60.0","0.0"
"61","","Marquise Goodwin","SF","WR29","11","40","155","67.7","21.4","63.0","+2.0"
"62","","Deshaun Watson","HOU","QB5","10","31","94","58.0","12.0","48.0","-14.0"
"63","","Marshawn Lynch","OAK","RB24","7","40","121","67.7","16.3","58.0","-5.0"
"64","","Sammy Watkins","KC","WR30","12","39","129","70.2","16.4","78.0","+14.0"
"65","","Tevin Coleman","ATL","RB25","8","38","126","70.3","18.8","67.0","+2.0"
"66","","Evan Engram","NYG","TE6","9","34","106","73.3","15.6","62.0","-4.0"
"67","","Carlos Hyde","CLE","RB26","11","39","140","71.3","19.4","61.0","-6.0"
"68","","Rex Burkhead","NE","RB27","11","37","169","71.6","26.8","66.0","-2.0"
"69","","Delanie Walker","TEN","TE7","8","45","111","74.8","14.8","71.0","+2.0"
"70","","Jamison Crowder","WAS","WR31","4","39","118","76.5","15.5","88.0","+18.0"
"71","","Drew Brees","NO","QB6","6","42","103","66.3","13.1","69.0","-2.0"
"72","","Robby Anderson","NYJ","WR32","11","52","127","77.5","15.3","89.0","+17.0"
"73","","Cooper Kupp","LAR","WR33","12","35","121","78.3","16.6","84.0","+11.0"
"74","","Robert Woods","LAR","WR34","12","51","164","79.7","21.6","80.0","+6.0"
"75","","Kyle Rudolph","MIN","TE8","10","55","128","79.9","14.8","73.0","-2.0"
"76","","Alshon Jeffery","PHI","WR35","9","33","177","79.8","32.2","68.0","-8.0"
"77","","Devin Funchess","CAR","WR36","4","52","178","82.2","18.6","79.0","+2.0"
"78","","Pierre Garcon","SF","WR37","11","42","161","84.4","19.1","91.0","+13.0"
"79","","Chris Thompson","WAS","RB28","4","46","131","82.9","20.2","100.0","+21.0"
"80","","Jamaal Williams","GB","RB29","7","46","134","83.8","21.6","74.0","-6.0"
"81","","Kerryon Johnson","DET","RB30","6","34","124","82.0","23.2","72.0","-9.0"
"82","","Trey Burton","CHI","TE9","5","41","128","88.3","19.6","85.0","+3.0"
"83","","Kirk Cousins","MIN","QB7","10","49","118","79.2","15.6","87.0","+4.0"
"84","","Matthew Stafford","DET","QB8","6","56","138","80.4","16.7","95.0","+11.0"
"85","","Sony Michel","NE","RB31","11","44","132","88.0","20.5","77.0","-8.0"
"86","","Will Fuller","HOU","WR38","10","58","175","92.9","20.6","75.0","-11.0"
"87","","Nelson Agholor","PHI","WR39","9","51","176","90.9","24.5","99.0","+12.0"
"88","","Randall Cobb","GB","WR40","7","42","183","86.7","24.8","96.0","+8.0"
"89","","Carson Wentz","PHI","QB9","9","46","168","85.5","23.9","76.0","-13.0"
"90","","Jordy Nelson","OAK","WR41","7","39","165","95.3","22.5","92.0","+2.0"
"91","","Chris Carson","SEA","RB32","7","45","159","93.5","28.4","90.0","-1.0"
"92","","Julian Edelman","NE ","WR42","11","56","183","94.3","28.2","70.0","-22.0"
"93","","Duke Johnson","CLE","RB33","11","47","154","95.3","26.0","86.0","-7.0"
"94","","Kenny Stills","MIA","WR43","11","52","188","96.1","29.5","113.0","+19.0"
"95","","Jordan Reed","WAS","TE10","4","63","139","98.6","15.2","83.0","-12.0"
"96","","Andrew Luck","IND","QB10","9","55","169","90.0","19.8","93.0","-3.0"
"97","","Isaiah Crowell","NYJ","RB34","11","54","189","98.9","23.3","94.0","-3.0"
"98","","Ben Roethlisberger","PIT","QB11","7","62","145","95.3","17.0","98.0","0.0"
"99","","Tarik Cohen","CHI","RB35","5","45","153","97.8","21.3","82.0","-17.0"
"100","","Philip Rivers","LAC","QB12","8","58","137","96.7","16.0","106.0","+6.0"
"101","","Rashaad Penny","SEA","RB36","7","37","151","99.3","29.3","81.0","-20.0"
"102","","Peyton Barber","TB","RB37","5","32","233","104.2","37.3","105.0","+3.0"
"103","","Jack Doyle","IND","TE11","9","42","156","107.1","20.9","107.0","+4.0"
"104","","Sterling Shepard","NYG","WR44","9","66","174","107.4","23.6","102.0","-2.0"
"105","","Kelvin Benjamin","BUF","WR45","11","62","198","104.1","21.5","110.0","+5.0"
"106","","Jimmy Garoppolo","SF","QB13","11","60","200","102.9","22.9","101.0","-5.0"
"107","","Marlon Mack","IND","RB38","9","49","176","103.4","25.1","97.0","-10.0"
"108","","Matt Ryan","ATL","QB14","8","72","160","106.1","20.0","103.0","-5.0"
"109","","David Njoku","CLE","TE12","11","75","157","113.5","17.2","109.0","0.0"
"110","","Matt Breida","SF","RB39","11","41","274","113.0","41.3","133.0","+23.0"
"111","","Jared Goff","LAR","QB15","12","85","142","112.9","12.8","115.0","+4.0"
"112","","George Kittle","SF","TE13","11","78","167","116.8","17.9","129.0","+17.0"
"113","","Patrick Mahomes","KC","QB16","12","63","248","113.5","28.4","114.0","+1.0"
"114","","Marcus Mariota","TEN","QB17","8","76","153","118.7","14.0","131.0","+17.0"
"115","","James White","NE","RB40","11","68","204","121.1","32.6","112.0","-3.0"
"116","","Alfred Morris","SF","RB41","11","52","328","115.6","54.9","136.0","+20.0"
"117","","Ronald Jones II","TB","RB42","5","50","185","117.0","33.0","104.0","-13.0"
"118","","Kenny Golladay","DET","WR46","6","80","187","126.4","23.1","143.0","+25.0"
"119","","Tyler Lockett","SEA","WR47","7","39","246","128.3","37.2","152.0","+33.0"
"120","","Devante Parker","MIA","WR48","11","64","193","119.6","28.1","116.0","-4.0"
"121","","O.J. Howard","TB","TE14","5","83","201","131.6","24.0","154.0","+33.0"
"122","","Bilal Powell","NYJ","RB43","11","75","181","125.7","22.3","140.0","+18.0"
"123","","Alex Smith","WAS","QB18","4","85","168","123.0","15.2","124.0","+1.0"
"124","","C.J. Anderson","CAR","RB44","4","57","215","122.3","28.4","121.0","-3.0"
"125","","Mike Williams","LAC","WR49","8","72","213","131.5","33.8","125.0","0.0"
"126","","Adrian Peterson","WAS","RB45","4","59","299","137.4","58.2","118.0","-8.0"
"127","","Allen Hurns","DAL","WR50","8","84","213","127.5","31.5","117.0","-10.0"
"128","","Tyler Eifert","CIN","TE15","9","84","200","134.2","23.7","134.0","+6.0"
"129","","Rishard Matthews","TEN","WR51","8","82","252","132.2","33.5","166.0","+37.0"
"130","","Jacksonville (JAC)","","DST1","9","87","166","133.6","14.0","108.0","-22.0"
"131","","Ty Montgomery","GB","RB46","7","92","204","132.3","26.5","127.0","-4.0"
"132","","D.J. Moore","CAR","WR52","4","73","204","134.6","29.7","128.0","-4.0"
"133","","Keelan Cole","JAC","WR53","9","57","242","135.5","43.0","132.0","-1.0"
"134","","Giovani Bernard","CIN","RB47","9","93","216","133.2","23.4","138.0","+4.0"
"135","","Dak Prescott","DAL","QB19","8","97","179","133.5","17.4","141.0","+6.0"
"136","","Aaron Jones","GB ","RB48","7","39","244","135.7","36.7","111.0","-25.0"
"137","","Eric Ebron","IND","TE16","9","85","189","141.4","23.8","183.0","+46.0"
"138","","Charles Clay","BUF","TE17","11","96","207","140.3","21.4","188.0","+50.0"
"139","","Minnesota (MIN)","","DST2","10","88","170","140.2","15.0","122.0","-17.0"
"140","","Devontae Booker","DEN","RB49","10","88","281","139.5","35.9","151.0","+11.0"
"141","","Josh Doctson","WAS","WR54","4","84","227","141.4","31.9","147.0","+6.0"
"142","","Chris Godwin","TB","WR55","5","82","212","141.3","32.7","162.0","+20.0"
"143","","Derek Carr","OAK","QB20","7","104","235","144.2","22.7","137.0","-6.0"
"144","","Anthony Miller","CHI","WR56","5","78","211","142.0","30.2","156.0","+12.0"
"145","","Philadelphia (PHI)","","DST3","9","91","181","148.3","15.0","123.0","-22.0"
"146","","Los Angeles (LAR)","","DST4","12","90","192","148.7","19.5","119.0","-27.0"
"147","","Cameron Brate","TB","TE18","5","82","265","152.5","29.8","178.0","+31.0"
"148","","Nick Chubb","CLE","RB50","11","96","250","145.0","30.7","120.0","-28.0"
"149","","Theo Riddick","DET","RB51","6","91","205","147.4","23.2","153.0","+4.0"
"150","","Michael Gallup","DAL","WR57","8","87","219","149.2","28.0","144.0","-6.0"
"151","","Blake Bortles","JAC","QB21","9","113","216","148.2","21.3","202.0","+51.0"
"152","","Corey Clement","PHI","RB52","9","100","220","149.1","29.0","146.0","-6.0"
"153","","Eli Manning","NYG","QB22","9","113","191","150.3","19.4","160.0","+7.0"
"154","","Jared Cook","OAK","TE19","7","97","235","154.5","25.6","177.0","+23.0"
"155","","John Brown","BAL","WR58","10","83","249","154.9","40.3","157.0","+2.0"
"156","","Los Angeles (LAC)","","DST5","8","93","202","154.9","19.2","145.0","-11.0"
"157","","Latavius Murray","MIN","RB53","10","100","237","153.2","25.7","139.0","-18.0"
"158","","Calvin Ridley","ATL","WR59","8","85","205","149.6","28.8","126.0","-32.0"
"159","","Dede Westbrook","JAC","WR60","9","70","229","153.0","32.7","171.0","+12.0"
"160","","Cameron Meredith","NO","WR61","6","87","219","150.3","33.1","149.0","-11.0"
"161","","Houston (HOU)","","DST6","10","94","210","158.5","19.6","150.0","-11.0"
"162","","Ricky Seals-Jones","ARI","TE20","9","86","235","160.3","29.5","205.0","+43.0"
"163","","Austin Seferian-Jenkins","JAC","TE21","9","101","246","161.2","31.1","167.0","+4.0"
"164","","Jordan Wilkins","IND","RB54","9","98","235","156.4","35.8","161.0","-3.0"
"165","","Mitch Trubisky","CHI","QB23","5","102","237","157.9","23.0","165.0","0.0"
"166","","DeSean Jackson","TB","WR62","5","85","244","157.8","34.7","172.0","+6.0"
"167","","Benjamin Watson","NO","TE22","6","89","248","162.7","34.2","189.0","+22.0"
"168","","Tyrell Williams","LAC","WR63","8","103","242","159.5","34.6","207.0","+39.0"
"169","","Denver (DEN)","","DST7","10","95","223","163.6","21.2","155.0","-14.0"
"170","","John Ross","CIN","WR64","9","86","235","160.5","34.4","169.0","-1.0"
"171","","Andy Dalton","CIN","QB24","9","114","265","167.0","35.4","206.0","+35.0"
"172","","Case Keenum","DEN","QB25","10","116","207","160.6","20.6","201.0","+29.0"
"173","","Stephen Gostkowski","NE","K1","11","98","204","166.7","20.1","135.0","-38.0"
"174","","Baltimore (BAL)","","DST8","10","99","217","167.8","21.0","148.0","-26.0"
"175","","Paul Richardson","WAS","WR65","4","98","224","162.9","35.7","173.0","-2.0"
"176","","Greg Zuerlein","LAR","K2","12","100","214","170.7","20.8","130.0","-46.0"
"177","","Justin Tucker","BAL","K3","10","102","213","171.3","21.2","142.0","-35.0"
"178","","Mohamed Sanu","ATL","WR66","8","116","238","171.0","31.9","158.0","-20.0"
"179","","Austin Hooper","ATL","TE23","8","92","273","171.0","30.6","214.0","+35.0"
"180","","Ted Ginn","NO","WR67","6","111","244","172.1","34.1","190.0","+10.0"
"181","","New Orleans (NO)","","DST9","6","105","231","176.5","24.0","170.0","-11.0"
"182","","LeGarrette Blount","DET","RB55","6","75","273","177.8","38.9","159.0","-23.0"
"183","","Jameis Winston","TB ","QB26","5","115","238","176.0","28.0","164.0","-19.0"
"184","","Samaje Perine","WAS","RB56","4","73","362","183.5","65.4","216.0","+32.0"
"185","","Tyrod Taylor","CLE","QB27","11","99","290","183.2","39.9","210.0","+25.0"
"186","","Doug Martin","OAK","RB57","7","103","225","172.8","26.8","168.0","-18.0"
"187","","Matt Bryant","ATL","K4","8","106","221","180.3","24.8","179.0","-8.0"
"188","","Mike Wallace","PHI","WR68","9","64","256","178.9","43.8","230.0","+42.0"
"189","","Vance McDonald","PIT","TE24","7","103","258","185.2","34.0","213.0","+24.0"
"190","","Austin Ekeler","LAC","RB58","8","95","297","181.5","42.6","193.0","+3.0"
"191","","Frank Gore","MIA","RB59","11","124","228","177.2","24.8","220.0","+29.0"
"192","","Dez Bryant","FA","WR69","","91","279","175.5","47.7","163.0","-29.0"
"193","","Nyheim Hines","IND","RB60","9","112","240","172.3","30.5","191.0","-2.0"
"194","","Mike Gesicki","MIA","TE25","11","104","272","187.3","35.8","199.0","+5.0"
"195","","Ryan Tannehill","MIA","QB28","11","136","315","185.9","31.1","229.0","+34.0"
"196","","Christian Kirk","ARI","WR70","9","106","241","178.5","31.6","195.0","-1.0"
"197","","D'Onta Foreman","HOU","RB61","10","121","255","178.0","31.6","176.0","-21.0"
"198","","Wil Lutz","NO","K5","6","109","231","185.8","23.8","180.0","-18.0"
"199","","Javorius Allen","BAL","RB62","10","102","282","185.9","37.5","204.0","+5.0"
"200","","Quincy Enunwa","NYJ","WR71","11","125","239","184.6","30.7","249.0","+49.0"
"201","","Danny Amendola","MIA","WR72","11","99","243","185.2","30.9","186.0","-15.0"
"202","","Chicago (CHI)","","DST10","5","117","262","191.2","29.8","182.0","-20.0"
"203","","New England (NE)","","DST11","11","107","238","184.8","23.0","175.0","-28.0"
"204","","Donte Moncrief","JAC","WR73","9","80","251","187.9","34.6","237.0","+33.0"
"205","","Antonio Gates","LAC","TE26","8","110","271","192.1","45.0","196.0","-9.0"
"206","","T.J. Yeldon","JAC","RB63","9","105","238","184.1","32.2","211.0","+5.0"
"207","","Seattle (SEA)","","DST12","7","112","262","192.6","34.5","228.0","+21.0"
"208","","Geronimo Allison","GB","WR74","7","91","263","183.4","34.9","200.0","-8.0"
"209","","Pittsburgh (PIT)","","DST13","7","108","236","190.4","24.5","187.0","-22.0"
"210","","Carolina (CAR)","","DST14","4","110","243","189.5","23.2","192.0","-18.0"
"211","","Hayden Hurst","BAL","TE27","10","124","272","191.7","37.0","231.0","+20.0"
"212","","Matt Prater","DET","K6","6","116","240","196.9","27.6","223.0","+11.0"
"213","","Jake Elliott","PHI","K7","9","113","239","198.1","29.1","194.0","-19.0"
"214","","Chris Ivory","BUF","RB64","11","115","244","190.7","30.4","232.0","+18.0"
"215","","Kenneth Dixon","BAL","RB65","10","98","281","198.5","39.6","248.0","+33.0"
"216","","Ryan Grant","IND","WR75","9","113","271","196.2","34.3","299.0","+83.0"
"217","","Chris Boswell","PIT","K8","7","118","234","200.9","26.9","181.0","-36.0"
"218","","Atlanta (ATL)","","DST15","8","111","288","203.1","31.3","227.0","+9.0"
"219","","Taywan Taylor","TEN","WR76","8","136","255","199.1","32.8","246.0","+27.0"
"220","","Spencer Ware","KC","RB66","12","141","256","200.2","28.5","219.0","-1.0"
"221","","Jeremy Hill","NE","RB67","11","123","296","213.2","44.5","243.0","+22.0"
"222","","Courtland Sutton","DEN","WR77","10","150","254","200.3","26.3","198.0","-24.0"
"223","","Robert Kelley","WAS","RB68","4","126","291","207.0","41.1","218.0","-5.0"
"224","","Harrison Butker","KC","K9","12","115","268","206.0","29.1","185.0","-39.0"
"225","","Kansas City (KC)","","DST16","12","120","274","205.8","32.1","222.0","-3.0"
"226","","Arizona (ARI)","","DST17","9","121","249","204.1","30.1","209.0","-17.0"
"227","","Martavis Bryant","FA","WR78","","109","250","195.1","36.7","197.0","-30.0"
"228","","Dan Bailey","FA","K10","","123","286","206.3","40.4","273.0","+45.0"
"229","","James Washington","PIT","WR79","7","106","272","205.6","33.8","239.0","+10.0"
"230","","Cole Beasley","DAL","WR80","8","114","268","203.8","33.2","253.0","+23.0"
"231","","Mason Crosby","GB","K11","7","122","247","210.1","28.3","215.0","-16.0"
"232","","Corey Coleman","FA","WR81","","111","280","199.6","45.8","279.0","+47.0"
"233","","Brandon Marshall","SEA","WR82","7","137","254","204.3","31.1","265.0","+32.0"
"234","","Kalen Ballage","MIA","RB69","11","132","284","213.4","40.0","238.0","+4.0"
"235","","Tre'Quan Smith","NO","WR83","6","118","370","222.1","58.9","252.0","+17.0"
"236","","Joe Flacco","BAL","QB29","10","142","262","211.6","29.4","240.0","+4.0"
"237","","Graham Gano","CAR","K12","4","128","279","220.4","33.8","233.0","-4.0"
"238","","Robbie Gould","SF","K13","11","125","253","214.2","30.8","212.0","-26.0"
"239","","Darren Sproles","PHI","RB70","9","139","244","211.3","29.1","251.0","+12.0"
"240","","Brandon McManus","DEN","K14","10","140","281","230.8","44.4","234.0","-6.0"
"241","","Green Bay (GB)","","DST18","7","131","300","228.4","37.7","260.0","+19.0"
"242","","Luke Willson","DET","TE28","6","119","275","213.1","35.2","324.0","+82.0"
"243","","James Conner","PIT","RB71","7","145","319","237.9","51.4","174.0","-69.0"
"244","","Sam Bradford","ARI","QB30","9","161","274","219.1","33.8","268.0","+24.0"
"245","","Ryan Succop","TEN","K15","8","129","292","231.1","38.5","247.0","+2.0"
"246","","Terrance Williams","DAL","WR84","8","146","266","216.2","31.5","241.0","-5.0"
"247","","Gerald Everett","LAR","TE29","12","126","283","230.7","44.0","343.0","+96.0"
"248","","Wayne Gallman","NYG","RB72","9","125","282","215.5","35.0","306.0","+58.0"
"249","","Cincinnati (CIN)","","DST19","9","134","289","231.4","35.4","298.0","+49.0"
"250","","New York (NYG)","","DST20","9","135","301","232.3","40.5","291.0","+41.0"
"251","","Jake Butt","DEN","TE30","10","127","283","226.0","38.6","274.0","+23.0"
"252","","Phillip Dorsett","NE","WR85","11","126","270","214.3","42.7","256.0","+4.0"
"253","","Sam Darnold","NYJ","QB31","11","166","298","223.4","34.7","261.0","+8.0"
"254","","Antonio Callaway","CLE","WR86","11","92","335","231.6","53.6","287.0","+33.0"
"255","","Detroit (DET)","","DST21","6","147","303","250.3","51.2","244.0","-11.0"
"256","","Dante Pettis","SF","WR87","11","109","261","218.4","32.0","275.0","+19.0"
"257","","Tennessee (TEN)","","DST22","8","132","265","226.8","34.8","224.0","-33.0"
"258","","Albert Wilson","MIA","WR88","11","160","260","223.3","30.3","282.0","+24.0"
"259","","Buffalo (BUF)","","DST23","11","146","322","258.5","50.3","286.0","+27.0"
"260","","Terrelle Pryor","NYJ","WR89","11","149","272","219.2","29.4","259.0","-1.0"
"261","","Jermaine Kearse","NYJ","WR90","11","174","271","216.0","24.5","276.0","+15.0"
"262","","Kai Forbath","FA","K16","","144","321","233.8","52.1","277.0","+15.0"
"263","","Willie Snead","BAL","WR91","10","132","280","234.1","32.2","314.0","+51.0"
"264","","Daniel Carlson","MIN","K17","10","141","360","244.3","48.0","217.0","-47.0"
"265","","Tyler Kroft","CIN","TE31","9","130","283","231.6","41.8","337.0","+72.0"
"266","","Jesse James","PIT","TE32","7","133","285","234.4","39.8","302.0","+36.0"
"267","","Ka'imi Fairbairn","HOU","K18","10","143","290","247.9","45.5","264.0","-3.0"
"268","","Steven Hauschka","BUF","K19","11","145","316","266.1","56.9","304.0","+36.0"
"269","","Josh Lambo","JAC","K20","9","139","294","243.7","41.1","270.0","+1.0"
"270","","Adam Vinatieri","IND","K21","9","136","274","230.5","30.7","226.0","-44.0"
"271","","Dallas Goedert","PHI","TE33","9","111","302","235.8","47.4","262.0","-9.0"
"272","","Mack Hollins","PHI","WR92","9","130","369","237.5","59.8","436.0","+164.0"
"273","","Cordarrelle Patterson","NE","WR93","11","147","342","231.8","51.3","269.0","-4.0"
"274","","Cairo Santos","FA","K22","","151","316","259.6","56.2","340.0","+66.0"
"275","","Vernon Davis","WAS","TE34","4","138","279","227.7","31.3","280.0","+5.0"
"276","","Chase Edmonds","ARI","RB73","9","150","273","238.4","32.9","250.0","-26.0"
"277","","John Kelly","LAR","RB74","12","156","318","254.0","43.8","258.0","-19.0"
"278","","Washington (WAS)","","DST24","4","150","337","268.8","53.6","328.0","+50.0"
"279","","Tyler Boyd","CIN","WR94","9","117","302","245.3","47.9","379.0","+100.0"
"280","","Rod Smith","DAL","RB75","8","168","305","259.6","41.9","272.0","-8.0"
"281","","Jordan Matthews","FA","WR95","","155","386","237.5","53.2","236.0","-45.0"
"282","","Nick Vannett","SEA","TE35","7","160","298","232.8","44.7","313.0","+31.0"
"283","","Jeremy Maclin","FA","WR96","","126","276","235.8","39.4","330.0","+47.0"
"284","","San Francisco (SF)","","DST25","11","157","334","276.7","55.7","325.0","+41.0"
"285","","Tampa Bay (TB)","","DST26","5","148","333","267.8","51.6","331.0","+46.0"
"286","","Dallas (DAL)","","DST27","8","149","325","275.6","46.6","254.0","-32.0"
"287","","Cleveland (CLE)","","DST28","11","152","347","275.8","53.9","263.0","-24.0"
"288","","Virgil Green","LAC","TE36","8","137","291","229.6","38.5","334.0","+46.0"
"289","","Caleb Sturgis","LAC","K23","8","153","336","262.8","47.5","335.0","+46.0"
"290","","Adam Shaheen","CHI","TE37","5","157","310","226.8","58.0","267.0","-23.0"
"291","","Kevin White","CHI","WR97","5","159","350","258.1","54.7","318.0","+27.0"
"292","","Dustin Hopkins","WAS","K24","4","154","317","276.5","51.7","326.0","+34.0"
"293","","Phil Dawson","ARI","K25","9","155","320","277.0","52.7","322.0","+29.0"
"294","","Ryan Griffin","HOU","TE38","10","142","278","236.0","35.8","296.0","+2.0"
"295","","Blair Walsh","FA","K26","","156","335","260.2","59.7","",""
"296","","Bruce Ellington","HOU","WR98","10","145","299","217.0","63.3","432.0","+136.0"
"297","","Jonathan Stewart","NYG","RB76","9","175","308","254.0","37.6","257.0","-40.0"
"298","","Cody Parkey","CHI","K27","5","158","335","286.2","51.1","",""
"299","","Stephen Anderson","FA","TE39","","170","313","245.4","37.6","329.0","+30.0"
"300","","Christine Michael","IND","RB77","9","150","325","274.9","58.2","362.0","+62.0"
"301","","Josh Allen","BUF","QB32","11","175","311","254.5","49.3","297.0","-4.0"
"302","","Ameer Abdullah","DET","RB78","6","176","319","236.3","33.6","285.0","-17.0"
"303","","Chad Williams","ARI","WR99","9","165","305","266.6","41.4","376.0","+73.0"
"304","","C.J. Prosise","SEA","RB79","7","168","319","253.0","35.5","309.0","+5.0"
"305","","Seth Roberts","OAK","WR100","7","163","306","223.0","60.6","428.0","+123.0"
"306","","Jonnu Smith","TEN","TE40","8","164","276","236.0","43.4","341.0","+35.0"
"307","","Lamar Jackson","BAL","QB33","10","165","320","255.6","41.7","255.0","-52.0"
"308","","Kendall Wright","FA","WR101","","168","307","270.7","38.3","399.0","+91.0"
"309","","Laquon Treadwell","MIN","WR102","10","169","311","260.3","53.4","364.0","+55.0"
"310","","Trent Taylor","SF","WR103","11","170","287","257.9","31.2","350.0","+40.0"
"311","","Mike Davis","SEA","RB80","7","170","330","297.4","44.9","",""
"312","","Zay Jones","BUF","WR104","11","174","286","247.0","28.0","307.0","-5.0"
"313","","Jonathan Williams","NO","RB81","6","176","332","254.6","59.2","295.0","-18.0"
"314","","Jalen Richard","OAK","RB82","7","187","318","271.6","39.6","345.0","+31.0"
"315","","Curtis Samuel","CAR","WR105","4","189","302","260.1","34.2","292.0","-23.0"
"316","","Kenny Britt","FA","WR106","","179","373","260.0","40.7","347.0","+31.0"
"317","","Mark Walton","CIN","RB83","9","181","329","307.5","41.5","374.0","+57.0"
"318","","Baker Mayfield","CLE","QB34","11","182","312","270.9","39.2","235.0","-83.0"
"319","","Elijah McGuire","NYJ","RB84","11","184","317","262.5","33.1","290.0","-29.0"
"320","","Nick Foles","PHI","QB35","9","185","322","258.3","53.1","289.0","-31.0"
"321","","Corey Grant","JAC","RB85","9","189","291","242.7","28.3","320.0","-1.0"
"322","","Jordan Akins","HOU","TE41","10","191","266","228.5","37.5","380.0","+58.0"
"323","","J.J. Nelson","ARI","WR107","9","193","292","259.1","26.7","339.0","+16.0"
"324","","Mike Gillislee","NO","RB86","6","193","341","272.2","43.4","333.0","+9.0"
"325","","Taylor Gabriel","CHI","WR108","5","194","276","245.2","22.7","303.0","-22.0"
"326","","Travis Benjamin","LAC","WR109","8","195","285","247.4","24.6","283.0","-43.0"
"327","","Alfred Blue","HOU","RB87","10","199","344","282.7","46.3","365.0","+38.0"
"328","","Torrey Smith","CAR","WR110","4","200","304","262.1","28.7","338.0","+10.0"
"329","","Josh Hill","NO","TE42","6","206","225","214.3","7.9","",""
"330","","Jaylen Samuels","PIT","TE43","7","224","243","234.7","7.9","278.0","-52.0"
"331","","Jaron Brown","SEA","WR111","7","208","296","247.1","23.7","358.0","+27.0"
"332","","Jeremy Kerley","BUF","WR112","11","219","280","251.7","25.1","",""
"333","","Blake Jarwin","DAL","TE44","8","239","285","253.6","16.1","288.0","-45.0"
"334","","Ed Dickson","SEA","TE45","7","222","280","256.5","23.6","311.0","-23.0"
"335","","Brice Butler","FA","WR113","","205","307","257.7","31.9","349.0","+14.0"
"336","","D.J. Chark","JAC","WR114","9","206","309","259.5","33.7","300.0","-36.0"
"337","","Chester Rogers","IND","WR115","9","203","289","260.4","29.7","308.0","-29.0"
"338","","Jakeem Grant","MIA","WR116","11","205","382","261.8","70.5","221.0","-117.0"
"339","","Garrett Celek","SF","TE46","11","207","296","262.6","27.0","317.0","-22.0"
"340","","Josh McCown","NYJ","QB36","11","219","314","267.0","31.9","344.0","+4.0"
"341","","Equanimeous St. Brown","GB","WR117","7","262","285","270.0","10.6","414.0","+73.0"
"342","","Adam Humphries","TB","WR118","5","231","297","270.3","28.4","353.0","+11.0"
"343","","Nathan Peterman","BUF","QB37","11","218","305","271.7","32.1","426.0","+83.0"
"344","","Tyler Higbee","LAR","TE47","12","251","308","272.3","22.0","400.0","+56.0"
"345","","J'Mon Moore","GB","WR119","7","264","281","272.5","8.5","312.0","-33.0"
"346","","Mark Andrews","BAL","TE48","10","244","326","272.7","37.7","266.0","-80.0"
"347","","Tavon Austin","DAL","WR120","8","226","305","273.2","24.7","284.0","-63.0"
"348","","Teddy Bridgewater","NO","QB38","6","245","305","275.0","30.0","411.0","+63.0"
"349","","Chris Conley","KC","WR121","12","247","304","275.5","28.5","",""
"350","","Joe Williams","FA","RB88","","238","332","275.5","32.1","323.0","-27.0"
"351","","Kyle Juszczyk","SF","RB89","11","214","325","280.5","29.8","440.0","+89.0"
"352","","Ryan Fitzpatrick","TB","QB39","5","237","317","281.0","33.1","355.0","+3.0"
"353","","Josh Rosen","ARI","QB40","9","232","315","281.4","31.5","293.0","-60.0"
"354","","DeAndre Washington","OAK","RB90","7","208","319","282.6","31.7","391.0","+37.0"
"355","","Keke Coutee","HOU","WR122","10","241","304","282.7","20.9","310.0","-45.0"
"356","","Brett Maher","DAL","K28","8","219","312","283.4","33.1","386.0","+30.0"
"357","","Brandon LaFell","OAK","WR123","7","246","359","284.8","41.1","361.0","+4.0"
"358","","Jacquizz Rodgers","TB","RB91","5","201","332","290.2","39.6","354.0","-4.0"
"359","","Cody Latimer","NYG","WR124","9","243","375","290.7","59.8","377.0","+18.0"
"360","","New York (NYJ)","","DST29","11","229","391","291.6","59.1","316.0","-44.0"
"361","","Boston Scott","NO","RB92","6","229","329","291.9","37.6","375.0","+14.0"
"362","","Sebastian Janikowski","SEA","K29","7","278","308","293.0","15.0","336.0","-26.0"
"363","","Charles Sims","FA","RB93","","244","327","293.9","23.2","332.0","-31.0"
"364","","Travaris Cadet","FA","RB94","","261","319","299.3","20.7","301.0","-63.0"
"365","","Phillip Lindsay","DEN","RB95","10","250","325","299.7","35.1","359.0","-6.0"
"366","","Jermaine Gresham","ARI","TE49","9","268","338","303.0","35.0","",""
"367","","Terrance West","FA","RB96","","230","396","303.5","43.2","434.0","+67.0"
"368","","Jeff Heuerman","DEN","TE50","10","255","385","303.7","57.9","404.0","+36.0"
"369","","De'Angelo Henderson","NYJ","RB97","11","244","328","305.0","25.3","",""
"370","","Demetrius Harris","KC ","TE51","12","286","324","305.0","19.0","",""
"371","","Seth DeValve","CLE","TE52","11","290","320","305.0","15.0","",""
"372","","Thomas Rawls","FA","RB98","","203","333","306.4","44.0","405.0","+33.0"
"373","","Justin Jackson","FA","RB99","","253","326","307.0","23.0","327.0","-46.0"
"374","","Chris Herndon IV","NYJ","TE53","11","252","365","308.5","56.5","",""
"375","","Breshad Perriman","FA","WR125","","228","393","310.5","82.5","",""
"376","","Cameron Artis-Payne","CAR","RB100","4","238","330","311.2","33.0","305.0","-71.0"
"377","","Demarcus Robinson","KC","WR126","12","245","378","311.5","66.5","",""
"378","","Robert Turbin","IND ","RB101","9","265","328","312.4","18.2","360.0","-18.0"
"379","","Carlos Henderson","DEN","WR127","10","270","356","313.0","43.0","",""
"380","","Orleans Darkwa","FA","RB102","","260","331","314.7","24.3","372.0","-8.0"
"381","","ArDarius Stewart","NYJ ","WR128","11","252","380","316.0","64.0","",""
"382","","Keith Smith","OAK","RB103","7","309","326","317.0","7.0","",""
"383","","Chris Moore","BAL","WR129","10","265","377","321.0","56.0","",""
"384","","Chandler Catanzaro","TB","K30","5","275","384","322.2","35.0","396.0","+12.0"
"385","","Amara Darboh","NE","WR130","11","293","357","325.0","32.0","",""
"386","","Ito Smith","ATL","RB104","8","313","340","328.0","9.7","",""
"387","","Malcolm Brown","LAR","RB105","12","318","339","328.0","8.6","315.0","-72.0"
"388","","Damien Williams","KC","RB106","12","314","343","328.5","10.3","",""
"389","","Darrel Williams","KC","RB107","12","329","333","331.0","2.0","",""
"390","","Marcus Murphy","BUF","RB108","11","277","387","332.0","55.0","384.0","-6.0"
"391","","Oakland (OAK)","","DST30","7","319","346","332.5","13.5","368.0","-23.0"
"392","","Miami (MIA)","","DST31","11","321","366","343.5","22.5","346.0","-46.0"
""
""